{"accuracy": [0.5643360018730164, 0.8203001618385315, 0.8778576254844666, 0.9073191285133362, 0.9271925687789917, 0.9398108124732971, 0.9474784731864929, 0.9551888704299927, 0.959186315536499, 0.9662280678749084], "loss": [1.5055760145187378, 0.6000903844833374, 0.4130881428718567, 0.31576329469680786, 0.24970152974128723, 0.21269981563091278, 0.19121338427066803, 0.1707494556903839, 0.16163048148155212, 0.13719408214092255], "val_accuracy": [0.8309242129325867, 0.877646267414093, 0.8734350204467773, 0.9231163263320923, 0.9401889443397522, 0.9452537894248962, 0.9289209842681885, 0.9570908546447754, 0.9409856796264648, 0.9484407305717468], "val_loss": [0.5312092900276184, 0.3971940875053406, 0.4343869686126709, 0.25246793031692505, 0.2073660045862198, 0.21235056221485138, 0.29227975010871887, 0.17043916881084442, 0.2865992784500122, 0.27197396755218506]}